,ft-0,tgt
0,1.307927290556245,97.31840452850248
1,0.4208003896441485,42.94597919920139
2,-1.3587619487470948,-127.85142991020133
3,-0.40872570819011705,-46.03394797749086
4,0.6510133476179427,62.740263885408226
5,1.4362645226116684,121.13658214644707
6,2.185875225550266,199.4111508133328
7,0.8020387551209442,100.01055572499492
8,0.783608007446766,76.50013501240463
9,1.2561111058605887,118.33977860738217
